"Year","2012","2013","2014","2015","2016","2017","2018","2019","2020"
"Andhra Pradesh","1.8","1.8",1.8,1.7,1.7,1.6,1.6,1.5,1.5
"Assam","2.4","2.2999999999999998",2.3,2.3,2.3,2.3,2.2,2.2,2.1
"Bihar","3.5","3.4",3.2,3.2,3.3,3.2,3.2,3.1,3
"Chhattisgarh","2.7","2.6",2.6,2.5,2.5,2.4,2.4,2.3,2.2
"Delhi","1.8","1.7",1.7,1.7,1.6,1.5,1.5,1.5,1.4
"Gujarat","2.2999999999999998","2.2999999999999998",2.3,2.2,2.2,2.2,2.1,2.1,2
"Haryana","2.2999999999999998","2.2000000000000002",2.3,2.2,2.3,2.2,2.2,2.1,2
"Himachal Pradesh","1.7","1.7",1.7,1.7,1.7,1.6,1.6,1.6,1.5
"Jammu & Kashmir","1.9","1.9",1.7,1.6,1.7,1.6,1.6,1.5,1.5
"Jharkhand","2.8","2.7",2.8,2.7,2.6,2.5,2.5,2.4,2.4
"Karnataka","1.9","1.9",1.8,1.8,1.8,1.7,1.7,1.7,1.6
"Kerala","1.8","1.8",1.9,1.8,1.8,1.7,1.7,1.6,1.5
"Madhya Pradesh","2.9","2.9",2.8,2.8,2.8,2.7,2.7,2.7,2.6
"Maharashtra","1.8","1.8",1.8,1.8,1.8,1.7,1.7,1.6,1.5
"Odisha","2.1","2.1",2.1,2,2,1.9,1.9,1.8,1.8
"Punjab","1.7","1.7",1.7,1.7,1.7,1.6,1.6,1.5,1.5
"Rajasthan","2.9","2.8",2.8,2.7,2.7,2.6,2.5,2.5,2.4
"Tamil Nadu","1.7","1.7",1.7,1.6,1.6,1.6,1.6,1.5,1.4
"Telangana","-","-",1.8,1.8,1.7,1.7,1.6,1.6,1.5
"Uttar Pradesh","3.3","3.1",3.2,3.1,3.1,3,2.9,2.9,2.7
"Uttarakhand","-","-",2,2,1.9,1.9,1.8,1.9,1.8
"West Bengal","1.7","1.6",1.6,1.6,1.6,1.6,1.5,1.5,1.4
"ALL INDIA","2.4","2.2999999999999998",2.3,2.3,2.3,2.2,2.2,2.1,2
"- : Not Available.",NA,NA,NA,NA,NA,NA,NA,NA,NA
"Note: Total Fertility Rate is defined as number of children that would be born per woman, assuming no female mortality at childbearing age during the reference period.",NA,NA,NA,NA,NA,NA,NA,NA,NA
"Source: National Health Profile and SRS Statistical Reports various issues, Office of Registrar General, Ministry of Home Affairs, Government of India.",NA,NA,NA,NA,NA,NA,NA,NA,NA
