"(Years)","...2","...3","...4"
"State/Union Territory","2016-20",NA,NA
NA,"Male","Female","Total"
NA,"71","72","73"
"Andhra Pradesh","69.099999999999994","72.2","70.599999999999994"
"Assam","67.3","68.599999999999994","67.900000000000006"
"Bihar","69.7","69.2","69.5"
"Chhattisgarh","63.5","66.8","65.099999999999994"
"Delhi","74.099999999999994","77.7","75.8"
"Gujarat","68.099999999999994","73.2","70.5"
"Haryana","67.3","73","69.900000000000006"
"Himachal Pradesh","70.3","77.5","73.5"
"Jammu & Kashmir","72.599999999999994","76.3","74.3"
"Jharkhand","70.5","68.900000000000006","69.599999999999994"
"Karnataka","67.900000000000006","71.900000000000006","69.8"
"Kerala","71.900000000000006","78","75"
"Madhya Pradesh","65.5","69.5","67.400000000000006"
"Maharashtra","71.599999999999994","74.3","72.900000000000006"
"Odisha","69.099999999999994","71.400000000000006","70.3"
"Punjab","70.8","74.5","72.5"
"Rajasthan","67.099999999999994","71.7","69.400000000000006"
"Tamil Nadu","71","75.5","73.2"
"Telangana","68.7","71.400000000000006","70"
"Uttar Pradesh","65.3","66.7","66"
"Uttarakhand","67.5","73.900000000000006","70.599999999999994"
"West Bengal","71.099999999999994","73.599999999999994","72.3"
"ALL INDIA","68.599999999999994","71.400000000000006","70"
"*: Quinquennial Survey. -: Not Available.",NA,NA,NA
"Note: Data relating to Bihar, Madhya Pradhesh and Uttar Pradesh include Jharkhand, Chhattisgarh and Uttarakhand, respectively.",NA,NA,NA
"Sources: Sample Registration System Bulletin, various issues, Office of the Registrar General and Census Commissioner, Ministry of Home Affairs; and Economic Survey, Ministry of Finance, Government of India.",NA,NA,NA
